created_time,BI,BI_Simple,open,high,low,close,volume,BI_MA,BI_Simple_MA
2017-03-30,-0.8027669055771678,-0.3814919735599622,3235.137,3240.0170000000003,3195.8520000000003,3210.237,24713547900.0,,
2017-03-31,-0.5793335291910608,-0.2824427480916031,3206.2529999999997,3226.248,3205.5370000000003,3222.514,19644292200.0,,
2017-04-01,-0.37776250555882857,-0.1891891891891892,3206.2529999999997,3226.248,3205.5370000000003,3222.514,19644292200.0,,
2017-04-02,-0.058840500022933465,-0.029850746268656716,3206.2529999999997,3226.248,3205.5370000000003,3222.514,19644292200.0,,
2017-04-03,-0.045120435280469544,-0.022900763358778626,3206.2529999999997,3226.248,3205.5370000000003,3222.514,19644292200.0,,
2017-04-04,-0.3172408746933253,-0.1590909090909091,3206.2529999999997,3226.248,3205.5370000000003,3222.514,19644292200.0,,
2017-04-05,-0.21049243376065088,-0.10512820512820513,3235.66,3270.645,3233.237,3270.305,24832020200.0,,
2017-04-06,-0.21087345872239538,-0.10533515731874145,3272.1929999999998,3286.6740000000004,3265.765,3281.005,24528799900.0,,
2017-04-07,-0.2092544391535427,-0.10451612903225807,3280.6240000000003,3295.187,3275.051,3286.616,23610894200.0,,
2017-04-08,-0.2498117983963711,-0.12574850299401197,3280.6240000000003,3295.187,3275.051,3286.616,23610894200.0,-0.30614968803567455,-0.15056943240323156
2017-04-09,-0.07320340402329494,-0.037037037037037035,3280.6240000000003,3295.187,3275.051,3286.616,23610894200.0,-0.2331933378802872,-0.11612393875093904
2017-04-10,-0.595927822485819,-0.29000969932104753,3285.4590000000003,3285.4590000000003,3265.012,3269.393,23269461600.0,-0.23485276720976303,-0.11688063387388348
2017-04-11,-0.5172565140962812,-0.2535211267605634,3266.222,3290.389,3244.405,3288.966,28128124800.0,-0.24880216806350827,-0.1233138276310209
2017-04-12,-0.7374582268848563,-0.35362014690451204,3283.837,3284.934,3262.277,3273.83,26938179000.0,-0.3166639407497006,-0.15569076769460644
2017-04-13,-0.48310107575113576,-0.23766816143497757,3265.218,3281.137,3261.49,3275.96,20734687500.0,-0.36046200479676715,-0.17716750750222635
2017-04-14,-0.907401784456909,-0.42547770700636944,3276.138,3276.711,3238.8959999999997,3246.067,21450855800.0,-0.41947809577312556,-0.20380618729377237
2017-04-15,-0.3841423386393432,-0.19170984455958548,3276.138,3276.711,3238.8959999999997,3246.067,21450855800.0,-0.4368430862609948,-0.21246435123691038
2017-04-16,-0.4174412991548801,-0.20772946859903382,3276.138,3276.711,3238.8959999999997,3246.067,21450855800.0,-0.4574998703042432,-0.22270378236493965
2017-04-17,-0.8597710916107012,-0.4056110318592487,3229.949,3229.949,3199.9120000000003,3222.167,21273718900.0,-0.5225515355499591,-0.2528132726476387
2017-04-18,-0.8855439732957979,-0.41642399534071056,3215.3959999999997,3225.055,3196.488,3196.7129999999997,18866135300.0,-0.5861247530399017,-0.28188082188230856
2017-04-19,-0.9570664825506137,-0.44542536115569825,3184.6659999999997,3189.437,3147.066,3170.687,21323807500.0,-0.6745110608926337,-0.3227196542941747
2017-04-20,-0.7328124369523767,-0.3512836568566061,3165.665,3178.183,3148.184,3172.1,19087398500.0,-0.6881995223392894,-0.3288470500477305
2017-04-21,-0.6960555684559024,-0.3350582147477361,3170.29,3180.7940000000003,3158.6290000000004,3173.151,16476174000.0,-0.7060794277752516,-0.33700075884644776
2017-04-22,-0.3656436139214928,-0.1821561338289963,3170.29,3180.7940000000003,3158.6290000000004,3173.151,16476174000.0,-0.6688979664789152,-0.31985435753889624
2017-04-23,-0.5108256237659907,-0.25170068027210885,3170.29,3180.7940000000003,3158.6290000000004,3173.151,16476174000.0,-0.6716704212804008,-0.32125760942260934
2017-04-24,-0.9026850798183764,-0.42323767066035106,3164.248,3164.248,3111.215,3129.531,18627743400.0,-0.6711987508165475,-0.32103360578800755
2017-04-25,-0.6931471805599453,-0.3337792642140468,3123.8940000000002,3145.2670000000003,3117.449,3134.567,15341830700.0,-0.7020992350086077,-0.3352405477534537
2017-04-26,-0.663049149402666,-0.3204775022956841,3132.9179999999997,3152.953,3131.4179999999997,3140.847,16987810700.0,-0.7266600200333864,-0.3465153511231187
2017-04-27,-0.7629730383507887,-0.36441159749857877,3131.35,3155.0029999999997,3097.333,3152.187,21179307300.0,-0.716980214707395,-0.34239540768705173
2017-04-28,-0.3474635949854954,-0.1724137931034483,3144.022,3154.7270000000003,3136.578,3154.658,16288989900.0,-0.6631721768763648,-0.3179943874633255
2017-04-29,-0.3513978868378886,-0.17582417582417584,3144.022,3154.7270000000003,3136.578,3154.658,16288989900.0,-0.6026053173050923,-0.2910342689301732
2017-04-30,0.16332505610329962,0.08270676691729323,3144.022,3154.7270000000003,3136.578,3154.658,16288989900.0,-0.5129915679995246,-0.2476352265527833
2017-05-01,-0.26341745045214976,-0.13253012048192772,3144.022,3154.7270000000003,3136.578,3154.658,16288989900.0,-0.4697277561991494,-0.22738241712620244
2017-05-02,-0.45033086364703073,-0.22188449848024316,3147.228,3154.781,3136.539,3143.712,15422296200.0,-0.47819648117170316,-0.2313552535913271
2017-05-03,-0.7350443914488773,-0.3523809523809524,3138.3070000000002,3148.2859999999996,3123.7509999999997,3135.3459999999995,16376392400.0,-0.5006183579399919,-0.24142328080221148
2017-05-04,-0.7564982881402287,-0.3616734143049933,3127.1059999999998,3143.8179999999998,3111.3909999999996,3127.369,17796748500.0,-0.48599967877217704,-0.23526685516667567
2017-05-05,-0.7179052974790847,-0.34449339207048457,3114.7740000000003,3117.614,3092.092,3103.038,17621364100.0,-0.488475490464091,-0.23633826795231944
2017-05-06,-0.4882190691370768,-0.24044943820224718,3114.7740000000003,3117.614,3092.092,3103.038,17621364100.0,-0.470992482437532,-0.22833546154297574
2017-05-07,-0.7351113796589775,-0.35348837209302325,3114.7740000000003,3117.614,3092.092,3103.038,17621364100.0,-0.4682063165683509,-0.22724313900242019
2017-05-08,-0.9458670904495863,-0.4407894736842105,3090.065,3093.452,3067.6940000000004,3078.613,18052690400.0,-0.5280466661147599,-0.2540807070604964
2017-05-09,-0.8483681805150698,-0.4008097165991903,3064.848,3084.208,3056.558,3080.527,13506667400.0,-0.5777436954824781,-0.2765792611379979
2017-05-10,-0.8897185762711557,-0.41793460666882487,3078.173,3090.8190000000004,3051.59,3052.785,16079445200.0,-0.6830480587199236,-0.32664339849660967
2017-05-11,-0.821040029854895,-0.3890909090909091,3036.789,3063.5640000000003,3016.531,3061.5,19134190100.0,-0.738810316660198,-0.35229947735750783
2017-05-12,-0.4579253296575516,-0.2252410166520596,3054.112,3090.491,3051.8709999999996,3083.513,15968409900.0,-0.7395697632612501,-0.35263512917468953
2017-05-13,-0.667305949376058,-0.3240418118466899,3054.112,3090.491,3051.8709999999996,3083.513,15968409900.0,-0.7327959190539681,-0.3498012151212632
2017-05-14,-0.2578291093020998,-0.12915129151291513,3054.112,3090.491,3051.8709999999996,3083.513,15968409900.0,-0.6829290011701553,-0.3265490028420554
2017-05-15,-0.6208560693711253,-0.30132450331125826,3085.9320000000002,3098.913,3085.9320000000002,3090.2290000000003,13566072800.0,-0.6732240783593594,-0.32223211396613277
2017-05-16,-0.5563637525490454,-0.27159640635798205,3082.8720000000003,3113.512,3060.534,3112.9640000000004,17377556400.0,-0.6800385467005563,-0.32534681078170624
2017-05-17,-0.6869243851216762,-0.33111480865224624,3107.802,3119.5820000000003,3101.295,3104.442,16867415800.0,-0.675219847246826,-0.3231094544376286
2017-05-18,-1.0333566645955417,-0.475635593220339,3082.329,3103.441,3077.9629999999997,3090.139,14862003500.0,-0.6839688046614216,-0.32659406639124144
2017-05-19,-0.6157007530120405,-0.2988435788192331,3086.705,3095.4829999999997,3081.278,3090.631,12963523000.0,-0.6607020619111188,-0.3163974526132457
2017-05-20,-0.34927054976452243,-0.17406143344709898,3086.705,3095.4829999999997,3081.278,3090.631,12963523000.0,-0.6066572592604554,-0.29201013529107317
2017-05-21,-0.201421728167374,-0.10112359550561797,3086.705,3095.4829999999997,3081.278,3090.631,12963523000.0,-0.5446954290917034,-0.26321340393254405
2017-05-22,-0.9244158535159634,-0.43218552354181305,3087.171,3103.938,3063.153,3075.676,15368373000.0,-0.5913444814775446,-0.28390785462151935
2017-05-23,-0.9913556659987138,-0.4589302769818529,3069.3940000000002,3084.235,3050.842,3061.947,17831059900.0,-0.6237494531398102,-0.2973967011350357
2017-05-24,-0.7638498195076512,-0.36462585034013606,3047.5679999999998,3064.813,3022.303,3064.0759999999996,13981335300.0,-0.6743515241603654,-0.32094415701775786
2017-05-25,-0.4511783467731172,-0.22197802197802197,3055.343,3114.658,3052.8309999999997,3107.8309999999997,19139184100.0,-0.6573837519005645,-0.31300950888443424
2017-05-26,-0.327604786335892,-0.16260801256873528,3101.2859999999996,3120.663,3100.388,3110.059,15592348600.0,-0.6345078552792492,-0.3021106695055096
2017-05-27,-0.25131442828090605,-0.12562814070351758,3101.2859999999996,3120.663,3100.388,3110.059,15592348600.0,-0.5909468595951722,-0.2815620027106367
2017-05-28,-0.45314253127966914,-0.22388059701492538,3101.2859999999996,3120.663,3100.388,3110.059,15592348600.0,-0.532925446263585,-0.2563865030900953
2017-05-29,-0.3169117107667193,-0.15827338129496402,3101.2859999999996,3120.663,3100.388,3110.059,15592348600.0,-0.5030465420390529,-0.2423294833376684
2017-05-30,-0.24021553521285718,-0.12023460410557185,3101.2859999999996,3120.663,3100.388,3110.059,15592348600.0,-0.4921410405838863,-0.23694680040351565
2017-05-31,-0.7081421062880219,-0.3403041825095057,3125.325,3143.2790000000005,3111.5559999999996,3117.178,15295043000.0,-0.542813078395951,-0.26086485910390445
2017-06-01,-0.9567953482691212,-0.44521739130434784,3108.421,3113.5209999999997,3097.679,3102.623,16301571900.0,-0.5460510278712668,-0.26216804588015796
2017-06-02,-0.6266127373817238,-0.30371713508612874,3094.225,3110.389,3081.849,3105.54,14250492500.0,-0.5095767350095678,-0.2466467316905855
2017-06-03,-0.5444019192995949,-0.2672672672672673,3094.225,3110.389,3081.849,3105.54,14250492500.0,-0.48763194498876217,-0.2369108733832986
2017-06-04,-0.1568424714929697,-0.07894736842105263,3094.225,3110.389,3081.849,3105.54,14250492500.0,-0.4581983574607474,-0.22260780802760166
2017-06-05,-0.6452128144744094,-0.31235247836349334,3102.11,3105.506,3084.83,3091.656,13257030000.0,-0.48995916027459907,-0.23758225460707746
2017-06-06,-0.619850304241103,-0.3008130081300813,3084.54,3102.863,3078.7870000000003,3102.1259999999997,11343996300.0,-0.5268127478706188,-0.2551007413497338
2017-06-07,-0.13745296627770434,-0.06874427131072411,3101.761,3140.7740000000003,3098.9509999999996,3140.325,17322901400.0,-0.4952437913704224,-0.23958710877931372
2017-06-08,-0.462313972340317,-0.22761596548004315,3136.4709999999995,3153.264,3132.828,3150.3340000000003,15227765900.0,-0.5097840175277821,-0.24652136719782164
2017-06-09,-0.30084911852622054,-0.14953271028037382,3147.453,3165.92,3146.1079999999997,3158.4,16013633400.0,-0.5158473758591184,-0.24945117781530185
2017-06-10,-0.29316153821640645,-0.14691943127962084,3147.453,3165.92,3146.1079999999997,3158.4,16013633400.0,-0.4743493190519569,-0.23011270269231338
2017-06-11,-0.2631108117212756,-0.13191489361702127,3147.453,3165.92,3146.1079999999997,3158.4,16013633400.0,-0.4049808653971724,-0.1987824529235807
2017-06-12,-0.6716053367851905,-0.32408435072142067,3149.527,3164.95,3135.3140000000003,3139.877,14672942500.0,-0.409480125337519,-0.2008191744871099
2017-06-13,-0.4119436129513673,-0.203559510567297,3134.009,3155.99,3131.0429999999997,3153.743,12831827900.0,-0.39623429470269617,-0.1944483988171129
2017-06-14,-0.6168947490601897,-0.2995555555555556,3146.748,3149.173,3125.355,3130.6740000000004,13834704200.0,-0.4422395224594181,-0.21650921753056318
2017-06-15,-0.4412167990720071,-0.21758737316798196,3125.587,3137.585,3117.0840000000003,3132.486,14695424500.0,-0.42183992091917794,-0.207032707011012
2017-06-16,-0.34279400114538866,-0.17006802721088435,3126.373,3134.2509999999997,3117.857,3123.1659999999997,12965275800.0,-0.3941342906096065,-0.19395820891909232
2017-06-17,-0.25982511794881463,-0.13043478260869565,3126.373,3134.2509999999997,3117.857,3123.1659999999997,12965275800.0,-0.40637150577671743,-0.20012726004888948
2017-06-18,-0.16400297627026997,-0.08256880733944955,3126.373,3134.2509999999997,3117.857,3123.1659999999997,12965275800.0,-0.37654040616971274,-0.18562254423483013
2017-06-19,-0.24329835329267002,-0.12137203166226913,3122.158,3146.77,3121.7790000000005,3144.3740000000003,13489175800.0,-0.37078532964635763,-0.18280647637301967
2017-06-20,-0.5484328756956771,-0.2681318681318681,3148.0190000000002,3150.465,3134.611,3140.014,14119180200.0,-0.39631246339428466,-0.19492772005824438
2017-06-21,-0.6801176802696114,-0.32788671023965144,3148.986,3157.028,3132.617,3156.212,13668826800.0,-0.43801315024911824,-0.2145249017205074
2017-06-22,-0.8163356347832368,-0.3872778297474275,3152.242,3186.982,3146.643,3147.453,19134400600.0,-0.45248618004892294,-0.22084424962310809
2017-06-23,-0.6137236505257341,-0.2978622327790974,3138.4440000000004,3158.047,3118.095,3157.873,15484364800.0,-0.4726641838063596,-0.23027452184428815
2017-06-24,-0.20148205453303036,-0.10121457489878542,3138.4440000000004,3158.047,3118.095,3157.873,15484364800.0,-0.4311229143536437,-0.21044042377861114
2017-06-25,-0.12744494656812036,-0.06422018348623854,3138.4440000000004,3158.047,3118.095,3157.873,15484364800.0,-0.399745729103255,-0.19510370481043676
2017-06-26,-0.24332421982138336,-0.12135922330097088,3157.002,3187.889,3156.9770000000003,3185.4440000000004,17357921100.0,-0.3897987509708545,-0.19023282441944542
2017-06-27,-0.47715703656428077,-0.23476005188067445,3183.42,3193.461,3172.4629999999997,3191.197,14820119800.0,-0.41153194283240113,-0.2006653513466433
2017-06-28,-0.6637126799848938,-0.32079021636876764,3183.633,3193.44,3170.7859999999996,3173.2009999999996,14651672000.0,-0.4615029132038635,-0.22448749224957507
2017-06-29,-0.29289235591718793,-0.14578005115089515,3174.9809999999998,3188.7740000000003,3174.284,3188.063,12875547000.0,-0.46646231346631534,-0.22692829419843769
2017-06-30,-0.34337940145748774,-0.17040358744394618,3176.948,3193.241,3171.57,3192.427,12146454300.0,-0.44595696604249635,-0.21715546612964548
2017-07-01,0.0,0.0,3176.948,3193.241,3171.57,3192.427,12146454300.0,-0.3779451980155352,-0.18436679510568035
2017-07-02,-0.2602830982636664,-0.13095238095238096,3176.948,3193.241,3171.57,3192.427,12146454300.0,-0.32233994436357827,-0.15873425022617568
2017-07-03,-0.44672022181515136,-0.22033898305084745,3191.998,3196.2859999999996,3177.0240000000003,3195.9120000000003,14030571700.0,-0.30563960149252,-0.1509819252533507
2017-07-04,-0.6077651318330054,-0.2953285827395091,3192.889,3193.0640000000003,3174.3140000000003,3182.804,14111496700.0,-0.3462679092225175,-0.17039332603742308
2017-07-05,-0.2757629802145705,-0.1372013651877133,3179.217,3207.31,3174.708,3207.134,14829648300.0,-0.36109971258716256,-0.17769144420757055
2017-07-06,-0.7337777692034556,-0.3516312791299845,3203.863,3215.95,3188.7729999999997,3212.4440000000004,17580928700.0,-0.4101450675253697,-0.20071864979047188
2017-07-07,-0.17688886978072763,-0.08833922261484099,3203.823,3219.5229999999997,3195.2909999999997,3217.9570000000003,17671541600.0,-0.3801182508470144,-0.18607656686388854
2017-07-08,0.19761024930904492,0.09923664122137404,3203.823,3219.5229999999997,3195.2909999999997,3217.9570000000003,17671541600.0,-0.2939859579176205,-0.14407388110487435
2017-07-09,0.0422598092898826,0.02127659574468085,3203.823,3219.5229999999997,3195.2909999999997,3217.9570000000003,17671541600.0,-0.26047074139691345,-0.12736821641531676
2017-07-10,-0.4576821900902786,-0.22525107604017217,3208.4629999999997,3223.34,3203.2090000000003,3212.632,19892801000.0,-0.2719010202601925,-0.13285296527493937
2017-07-11,-0.6308932142933966,-0.30565371024734983,3201.5170000000003,3226.908,3199.224,3203.038,18783726200.0,-0.33499034168953223,-0.16341833629967434
2017-07-12,-0.6791458748278522,-0.3273316528628016,3201.929,3215.196,3177.935,3197.5440000000003,18690088000.0,-0.3768766193459508,-0.1830562634907164
2017-07-13,-0.48335681473724595,-0.23733333333333334,3192.362,3219.268,3190.3390000000004,3218.163,19530361100.0,-0.38054027863816026,-0.184755698518965
2017-07-14,-0.3217013196492835,-0.1596039603960396,3212.032,3222.978,3204.853,3222.417,16012677300.0,-0.3519338974197881,-0.17118323628461804
2017-07-15,-0.47473923399156975,-0.23414634146341465,3212.032,3222.978,3204.853,3222.417,16012677300.0,-0.371831522797488,-0.18087773391218817
2017-07-16,-0.31296222912485944,-0.15601023017902813,3212.032,3222.978,3204.853,3222.417,16012677300.0,-0.3297499687896284,-0.16131562901709254
2017-07-17,-0.8689105253930841,-0.40915718868474776,3219.7909999999997,3230.3540000000003,3139.5040000000004,3176.465,26620527400.0,-0.3989521343508641,-0.19339742562408319
2017-07-18,-0.70807728769052,-0.34022257551669316,3159.732,3187.671,3150.1279999999997,3187.567,19062306000.0,-0.4895208880508205,-0.23734334729788992
2017-07-19,-0.17799539562181305,-0.08885464817668208,3181.402,3232.941,3179.73,3230.9759999999997,27242072600.0,-0.5115464085419901,-0.24835647169002623
2017-07-20,-0.2769375331688037,-0.13777191825972313,3227.506,3246.236,3225.433,3244.865,23210839200.0,-0.4934719428498425,-0.23960855591198132
2017-07-21,-0.25824540015665115,-0.12858094603597603,3236.5879999999997,3247.712,3231.9559999999997,3237.982,20600325100.0,-0.456207161436168,-0.22190127949084398
2017-07-22,-0.17327172127403667,-0.08695652173913043,3236.5879999999997,3247.712,3231.9559999999997,3237.982,20600325100.0,-0.4056197460807865,-0.19786376637847686
2017-07-23,0.06402185876493102,0.03225806451612903,3236.5879999999997,3247.712,3231.9559999999997,3237.982,20600325100.0,-0.3508818787305688,-0.17090462659353062
2017-07-24,-0.26959999213742153,-0.13419257012888552,3230.8979999999997,3261.105,3230.071,3250.599,23305639900.0,-0.3456717459793826,-0.1683634875668152
2017-07-25,-0.6510759666392583,-0.3149100257069409,3249.138,3261.645,3233.138,3243.6890000000003,20557387300.0,-0.3633054192441515,-0.17643985599116782
2017-07-26,-0.5218612804830294,-0.2554112554112554,3244.461,3264.848,3228.039,3247.675,21354200500.0,-0.38419532437996845,-0.18637995851439054
2017-07-27,-0.30889444430507856,-0.1534195933456562,3243.765,3251.926,3220.637,3249.781,22848594500.0,-0.3281937162711679,-0.16080619898048137
2017-07-28,-0.10211292712707733,-0.051094890510948905,3240.173,3256.3709999999996,3232.9629999999997,3253.24,18222688000.0,-0.2675972802148236,-0.13189343047990695
2017-07-29,0.2087548138621102,0.10483870967741936,3240.173,3256.3709999999996,3232.9629999999997,3253.24,18222688000.0,-0.22892225926643128,-0.11252409469449683
2017-07-30,0.17740754199152556,0.0889487870619946,3240.173,3256.3709999999996,3232.9629999999997,3253.24,18222688000.0,-0.18348775175039836,-0.08985202416232504
2017-07-31,-0.20349655393041327,-0.10157618213660245,3252.752,3276.946,3251.1940000000004,3273.028,24603944000.0,-0.17801286712777456,-0.08715154777238768
2017-08-01,-0.1820966102178177,-0.09090909090909091,3274.369,3292.638,3273.5040000000004,3292.638,23719459400.0,-0.17889535602215265,-0.08754680468938374
2017-08-02,-0.42379520804205534,-0.208955223880597,3288.518,3305.4309999999996,3282.038,3285.0570000000002,26673062800.0,-0.22767706270285132,-0.11166813352905633
2017-08-03,-0.4193914178063588,-0.2069408740359897,3279.986,3293.369,3262.155,3272.929,23327700400.0,-0.24265620526974505,-0.11894296391976675
2017-08-04,-0.45305407093196237,-0.22302158273381295,3269.3179999999998,3287.1929999999998,3261.3070000000002,3262.0809999999997,27590634000.0,-0.22285401569901547,-0.10975411962245396
2017-08-05,-0.11211729812070612,-0.056451612903225805,3269.3179999999998,3287.1929999999998,3261.3070000000002,3262.0809999999997,27590634000.0,-0.18187961746278314,-0.089858155371651
2017-08-06,-0.07512063046810806,-0.037800687285223365,3269.3179999999998,3287.1929999999998,3261.3070000000002,3262.0809999999997,27590634000.0,-0.1585022360790861,-0.07829626476560772
2017-08-07,-0.08819271203546085,-0.044142614601018676,3257.67,3280.1040000000003,3243.715,3279.4570000000003,23117337900.0,-0.15711021456992444,-0.07760103717461468
2017-08-08,-0.2871454478078329,-0.14285714285714285,3277.1890000000003,3285.4829999999997,3269.658,3281.873,25204353700.0,-0.20670024073691873,-0.10237062242807089
2017-08-09,-0.41559690703857133,-0.20519059205190593,3277.808,3277.9429999999998,3263.847,3275.573,23559790700.0,-0.2660006856399284,-0.13178456033946095
2017-08-10,-0.7156516464703271,-0.3436185133239832,3269.735,3282.5190000000002,3236.183,3261.7490000000003,24068462200.0,-0.3172161948939198,-0.15598879345819902
2017-08-11,-0.7562257913379469,-0.3612565445026178,3237.922,3245.116,3200.748,3208.5409999999997,26296299500.0,-0.3746291130059327,-0.1830235388175517
2017-08-12,-0.2170645052378275,-0.10884353741496598,3237.922,3245.116,3200.748,3208.5409999999997,26296299500.0,-0.3539560427255099,-0.1730123701709886
2017-08-13,-0.2780942712966274,-0.1390728476821192,3237.922,3245.116,3200.748,3208.5409999999997,26296299500.0,-0.3398263280745367,-0.16622556753560155
2017-08-14,-0.25423413838424086,-0.12664473684210525,3206.0440000000003,3240.052,3206.0440000000003,3237.36,19034679600.0,-0.3199443348197646,-0.1565878829464308
2017-08-15,-0.4234338016509809,-0.208955223880597,3235.23,3263.5890000000004,3235.1009999999997,3251.262,18229799700.0,-0.3510759851727921,-0.17183824404416792
2017-08-16,-0.43736965462690963,-0.21568627450980393,3247.853,3248.785,3228.8709999999996,3246.4509999999996,17685205100.0,-0.3873008875886722,-0.18962680276662597
2017-08-17,-0.150282203049338,-0.07515657620041753,3253.8459999999995,3269.139,3251.4590000000003,3268.43,20362255100.0,-0.3935098366900599,-0.19272819892656587
2017-08-18,-0.3958650343791451,-0.19563822963438102,3253.243,3275.0759999999996,3248.083,3268.724,19112248300.0,-0.4043817953471911,-0.19800630760428967
2017-08-19,0.0,0.0,3253.243,3275.0759999999996,3248.083,3268.724,19112248300.0,-0.362822104643334,-0.17748724839909907
2017-08-20,-0.10638040355857173,-0.05365853658536585,3253.243,3275.0759999999996,3248.083,3268.724,19112248300.0,-0.30189498035215845,-0.14849125072523733
2017-08-21,-0.035638515447358736,-0.017857142857142856,3274.5809999999997,3287.5190000000002,3270.475,3286.906,18612248300.0,-0.22983625276309963,-0.11415131056068986
2017-08-22,-0.4322997916203157,-0.2131637995512341,3287.615,3293.4759999999997,3274.941,3290.2259999999997,18653799100.0,-0.2513597814013484,-0.12458333677431668
2017-08-23,-0.6273074230644023,-0.3040326234707748,3283.797,3299.4570000000003,3274.44,3287.705,17983220800.0,-0.2862810965781259,-0.14107931435318224
2017-08-24,-0.7242377676299764,-0.3473774720550301,3287.9590000000003,3297.989,3266.3590000000004,3271.512,16346893700.0,-0.3332814595026995,-0.1631525878744747
2017-08-25,-0.1106796771354262,-0.055322128851540614,3271.461,3331.915,3271.461,3331.522,20583948200.0,-0.302006047051144,-0.14778927837156908
2017-08-26,0.14723023698268461,0.07395498392282958,3271.461,3331.915,3271.461,3331.522,20583948200.0,-0.2435460578901846,-0.11882515252830572
2017-08-27,0.05264373348542188,0.026490066225165563,3271.461,3331.915,3271.461,3331.522,20583948200.0,-0.2232534642367086,-0.10866048828574741
2017-08-28,0.030447316807593747,0.015240328253223915,3336.1259999999997,3375.034,3336.1259999999997,3362.651,25746143800.0,-0.18062222911803474,-0.08757263249698692
2017-08-29,-0.22875628821916713,-0.11407160699417153,3362.06,3374.595,3354.4629999999997,3365.2259999999997,21950453500.0,-0.20349785793995143,-0.09897979319640407
2017-08-30,-0.3298824269421573,-0.16377649325626203,3361.821,3376.6479999999997,3357.08,3363.627,24686331200.0,-0.22584806027831,-0.1099915888634937
2017-08-31,-0.3312228807350691,-0.1643535427319211,3361.462,3367.3579999999997,3340.687,3360.81,23441978100.0,-0.25540649680708105,-0.12464122885097154
2017-09-01,-0.14242034004176862,-0.07122507122507123,3365.991,3381.925,3358.472,3367.119,28249758400.0,-0.22641855164922636,-0.11044735601835524
2017-09-02,0.011049836186584935,0.00558659217877095,3365.991,3381.925,3358.472,3367.119,28249758400.0,-0.16258282572412766,-0.07948543445340066
2017-09-03,-0.040821994520255166,-0.020618556701030927,3365.991,3381.925,3358.472,3367.119,28249758400.0,-0.09424124841315554,-0.04680954291800075
2017-09-04,-0.09753487482643605,-0.04883227176220807,3369.719,3381.403,3359.131,3379.583,26742784900.0,-0.09292676818225654,-0.04616055720906749
2017-09-05,-0.26051100810352074,-0.1297709923664122,3377.197,3390.823,3371.571,3384.317,21655294600.0,-0.13370089269087707,-0.06653315483799167
2017-09-06,-0.3078847797693004,-0.1530317613089509,3372.428,3391.011,3364.765,3385.389,22909078500.0,-0.1697537440163493,-0.08448533759140332
2017-09-07,-0.516725345893179,-0.25313653136531367,3383.6279999999997,3387.796,3363.177,3365.4970000000003,22111868500.0,-0.22447101028642655,-0.11132302355325707
2017-09-08,-0.44967120061266,-0.22148760330578512,3364.428,3380.89,3353.688,3365.243,19840518400.0,-0.24656250152577588,-0.12206462318441842
2017-09-09,-0.2614797000577569,-0.13131313131313133,3364.428,3380.89,3353.688,3365.243,19840518400.0,-0.23972222883733588,-0.11881828699010535
2017-09-10,-0.1495317339709637,-0.07537688442211055,3364.428,3380.89,3353.688,3365.243,19840518400.0,-0.22155311416092532,-0.1099206211591243
2017-09-11,-0.18406980898748398,-0.09199522102747909,3365.3509999999997,3384.81,3360.046,3376.4190000000003,21901101900.0,-0.22571806105549688,-0.11199763613936506
2017-09-12,-0.3785694232861036,-0.18735177865612648,3381.487,3391.0690000000004,3370.8520000000003,3379.488,27291031900.0,-0.26467998700276574,-0.1312914732228548
2017-09-13,-0.5368408629072264,-0.2626552053486151,3374.719,3387.14,3366.5409999999997,3384.147,19455071500.0,-0.31428187384146283,-0.15549513808761323
2017-09-14,-0.7040050505319944,-0.3386396526772793,3383.47,3391.6440000000002,3361.3340000000003,3371.426,22130648700.0,-0.37492889141201863,-0.18447587617912037
2017-09-15,-0.5606005245979622,-0.27352572145545795,3365.145,3365.528,3345.328,3353.619,21976581600.0,-0.40493784306146274,-0.1988513490880249
2017-09-16,0.0,0.0,3365.145,3365.528,3345.328,3353.619,21976581600.0,-0.3741493650845327,-0.18354817295712983
2017-09-17,0.08223809823697201,0.041474654377880185,3365.145,3365.528,3345.328,3353.619,21976581600.0,-0.3142530206715176,-0.15408705438281042
2017-09-18,-0.2682639865946794,-0.1336405529953917,3352.513,3371.7490000000003,3352.513,3362.8590000000004,19031967600.0,-0.2961122992697195,-0.14530234935177108
2017-09-19,-0.6474589963885173,-0.3132932531730127,3365.532,3370.401,3344.705,3356.845,19112969100.0,-0.33471022890279556,-0.16350036153775924
2017-09-20,-0.4487902328465381,-0.22113502935420742,3352.185,3370.098,3346.5359999999996,3365.9959999999996,19219666100.0,-0.36463607879035304,-0.17807617603096892
2017-09-21,-0.5819804851249804,-0.28345323741007195,3364.698,3377.884,3356.875,3357.812,19744869500.0,-0.4044271464041026,-0.19722197766922822
2017-09-22,-0.2648694849844282,-0.13179026924893716,3347.157,3356.4509999999996,3334.985,3352.5290000000005,17923400700.0,-0.39305715257393514,-0.1916658267285093
2017-09-23,0.48324280915084866,0.23769338959212377,3347.157,3356.4509999999996,3334.985,3352.5290000000005,17923400700.0,-0.2910487853681276,-0.1416309672344354
2017-09-24,-0.22024079165624838,-0.1111111111111111,3347.157,3356.4509999999996,3334.985,3352.5290000000005,17923400700.0,-0.24267235948055302,-0.11887811307781859
2017-09-25,-0.8413276934006998,-0.39796529024536204,3344.5890000000004,3350.961,3334.9440000000004,3341.5490000000004,16962129300.0,-0.2707450763608268,-0.131322069956809
2017-09-26,-0.7498583672010264,-0.3587588881706529,3336.35,3347.163,3332.599,3343.583,13262859500.0,-0.34573091308092946,-0.16719795877387428
2017-09-27,-0.3644036213103904,-0.1806375442739079,3340.822,3349.695,3340.2990000000004,3345.272,14308694500.0,-0.3903950850356657,-0.1894091786390531
2017-09-28,-0.6001186597502903,-0.2918918918918919,3343.845,3344.6009999999997,3336.178,3339.6420000000003,14944430000.0,-0.4235805523512267,-0.2052343125287031
2017-09-29,-0.09010831350016295,-0.04513064133016627,3340.3109999999997,3357.015,3340.3109999999997,3348.9429999999998,14486244300.0,-0.36784548406239126,-0.17841805134441846
2017-09-30,0.04725288485054551,0.024,3340.3109999999997,3357.015,3340.3109999999997,3348.9429999999998,14486244300.0,-0.3182411722926829,-0.15390454840899773
2017-10-01,0.0425596144187959,0.021739130434782608,3340.3109999999997,3357.015,3340.3109999999997,3348.9429999999998,14486244300.0,-0.25578716233830523,-0.12338531162451224
2017-10-02,0.17327172127403678,0.08860759493670886,3340.3109999999997,3357.015,3340.3109999999997,3348.9429999999998,14486244300.0,-0.21197304171245873,-0.10134552520594764
2017-10-03,0.03125254350410453,0.015873015873015872,3340.3109999999997,3357.015,3340.3109999999997,3348.9429999999998,14486244300.0,-0.2571720682771331,-0.12352756257785844
2017-10-04,0.36366797942970297,0.18248175182481752,3340.3109999999997,3357.015,3340.3109999999997,3348.9429999999998,14486244300.0,-0.198781191168538,-0.09416827628426558
2017-10-05,0.16941815195804674,0.08571428571428572,3340.3109999999997,3357.015,3340.3109999999997,3348.9429999999998,14486244300.0,-0.09770660663266337,-0.045800318688300805
2017-10-06,-0.14763599880606457,-0.07446808510638298,3340.3109999999997,3357.015,3340.3109999999997,3348.9429999999998,14486244300.0,-0.03748436979316718,-0.017371238381873814
2017-10-07,0.4376222197426958,0.21875,3340.3109999999997,3357.015,3340.3109999999997,3348.9429999999998,14486244300.0,0.042718214312141435,0.022567516045516975
2017-10-08,0.18632957819149354,0.09392265193370165,3340.3109999999997,3357.015,3340.3109999999997,3348.9429999999998,14486244300.0,0.1213630381063198,0.061148970428076335
2017-10-09,-0.5360852905252286,-0.2621776504297994,3403.2459999999996,3410.17,3366.965,3374.3779999999997,19173605700.0,0.07676534040381325,0.039444269518113015
2017-10-10,-0.2682639865946794,-0.13358778625954199,3373.345,3384.026,3358.795,3382.988,17942384100.0,0.04521365325929075,0.02368549089215882
2017-10-11,-0.29327180193056773,-0.14587332053742802,3381.488,3395.7790000000005,3379.163,3388.284,18147670400.0,0.011630511624354384,0.006924245794937757
2017-10-12,-0.5356716223525215,-0.262015503875969,3385.533,3390.204,3372.533,3386.1,16180938000.0,-0.05926382273830144,-0.028138064086330027
2017-10-13,-0.21367477988535774,-0.10668229777256741,3384.488,3395.748,3383.239,3390.5229999999997,13995476400.0,-0.08375655507724768,-0.04039359545088836
2017-10-14,0.13192754304254806,0.06666666666666667,3384.488,3395.748,3383.239,3390.5229999999997,13995476400.0,-0.10693059871596318,-0.05197510396670344
2017-10-15,0.28768207245178085,0.14457831325301204,3384.488,3395.748,3383.239,3390.5229999999997,13995476400.0,-0.09510420666658978,-0.046088701212830804
2017-10-16,-0.5699688215853251,-0.2779552715654952,3393.2059999999997,3400.511,3374.7690000000002,3378.47,17433062000.0,-0.13733748894451583,-0.06643741985874203
2017-10-17,-0.11692133805890229,-0.058823529411764705,3373.2340000000004,3382.407,3365.565,3372.0409999999997,12538172500.0,-0.19279184472467564,-0.0941947727999185
2017-10-18,-0.47922028435065966,-0.23646723646723647,3373.528,3383.232,3371.925,3381.7940000000003,15722879100.0,-0.259346830978891,-0.12723376164001232
2017-10-19,-0.5730028687178821,-0.28018223234624146,3374.6440000000002,3378.736,3359.6279999999997,3370.172,15847649500.0,-0.26303858879815634,-0.12903421983165653
2017-10-20,-0.03208831455150051,-0.016216216216216217,3363.514,3379.765,3360.1,3378.6479999999997,12717285100.0,-0.23942102159383843,-0.11729706282732395
2017-10-21,-0.08701137698962981,-0.045454545454545456,3363.514,3379.765,3360.1,3378.6479999999997,12717285100.0,-0.21879497909974463,-0.10725518531903569
2017-10-22,-0.1823215567939546,-0.09433962264150944,3363.514,3379.765,3360.1,3378.6479999999997,12717285100.0,-0.18345997254388793,-0.09048759719558971
2017-10-23,-0.1916674192121923,-0.0967741935483871,3382.28,3385.285,3374.705,3380.699,13084628900.0,-0.18125923647657136,-0.08949678677317167
2017-10-24,-0.4656336295746172,-0.23076923076923078,3376.599,3388.6890000000003,3374.125,3388.248,13989751100.0,-0.2410153537382879,-0.11924037651676142
2017-10-25,-0.1688208695750521,-0.0851063829787234,3384.8579999999997,3398.304,3382.034,3396.8979999999997,12313122200.0,-0.28666564794097116,-0.14220884613993495
2017-10-26,0.2419136539962002,0.12149532710280374,3397.5190000000002,3414.242,3391.455,3407.567,18376862500.0,-0.20547740038281867,-0.10226378627310509
2017-10-27,-0.058840500022933465,-0.02962962962962963,3404.498,3421.103,3402.114,3416.812,17025717300.0,-0.19966931657922177,-0.09934439629489158
2017-10-28,-0.3022808718729337,-0.15789473684210525,3404.498,3421.103,3402.114,3416.812,17025717300.0,-0.18197537533144917,-0.09148714633237846
2017-10-29,0.1941560144409574,0.10344827586206896,3404.498,3421.103,3402.114,3416.812,17025717300.0,-0.10525948701556523,-0.05312409551154742
2017-10-30,-0.6133600639421134,-0.2987012987012987,3413.868,3419.732,3357.276,3390.337,20834928600.0,-0.1633866619546265,-0.08137260376005566
2017-10-31,-0.17327172127403667,-0.0875,3380.9990000000003,3397.099,3376.1240000000003,3393.342,15349820600.0,-0.17201269638306718,-0.08557714921460112
2017-11-01,-0.38505623647695725,-0.19254658385093168,3393.968,3410.3520000000003,3388.598,3395.913,18056612700.0,-0.19228616435136742,-0.09539784533554334
2017-11-02,-0.7614151516889481,-0.36585365853658536,3391.652,3391.652,3372.2129999999997,3383.31,16686426700.0,-0.24926093759904303,-0.12230579183436316
2017-11-03,-0.5702490442367915,-0.27901234567901234,3377.736,3380.57,3347.36,3371.744,17271479000.0,-0.25972247906526047,-0.1271301033253413
2017-11-04,-0.04652001563489282,-0.024390243902439025,3377.736,3380.57,3347.36,3371.744,17271479000.0,-0.24749239367124448,-0.12105848941771288
2017-11-05,-0.322773392263051,-0.16666666666666666,3377.736,3380.57,3347.36,3371.744,17271479000.0,-0.3039610982971696,-0.14987468879465993
2017-11-06,-0.1431008436406733,-0.07216494845360824,3369.685,3389.383,3356.534,3388.1740000000004,15463646800.0,-0.31238713265894363,-0.15412822067705778
2017-11-07,0.0408219945202552,0.020618556701030927,3389.472,3415.1479999999997,3387.946,3413.575,19057174600.0,-0.27807684601962473,-0.13627689132274418
2017-11-08,-0.06967992063798982,-0.035175879396984924,3409.147,3434.492,3404.881,3415.46,18543647000.0,-0.30446043952751944,-0.15013930684864957
2017-11-09,0.10686314554236125,0.053763440860215055,3410.672,3428.77,3408.619,3427.795,15865042600.0,-0.23243811857907196,-0.11489283289249819
2017-11-10,-0.3084330165568198,-0.15328467153284672,3423.185,3438.792,3414.329,3432.673,18927650300.0,-0.24595424810735028,-0.12147130004578285
2017-11-11,0.0,0.0,3423.185,3438.792,3414.329,3432.673,18927650300.0,-0.20744862445965456,-0.1022166416606897
2017-11-12,-0.02353049741019416,-0.011904761904761904,3423.185,3438.792,3414.329,3432.673,18927650300.0,-0.13366015903177914,-0.06682175199750734
2017-11-13,-0.41126703072427234,-0.20318725099601595,3435.184,3449.164,3435.085,3447.836,20538905400.0,-0.11776195768052725,-0.0592392425292077
2017-11-14,-0.599347487303195,-0.29149463253509494,3446.545,3450.495,3419.692,3429.548,19647267400.0,-0.17304470484735746,-0.0859496813924733
2017-11-15,-0.756442030932259,-0.3614895549500454,3416.211,3423.75,3396.381,3402.525,16879207600.0,-0.21641156871427825,-0.10543197022081116
2017-11-16,-0.5029901282420421,-0.24662576687116564,3393.1940000000004,3409.653,3390.5890000000004,3399.25,15668433200.0,-0.25240049717441515,-0.1228780520625669
2017-11-17,-0.7709359428765566,-0.3676357087728325,3392.683,3403.2859999999996,3373.296,3382.908,24945815300.0,-0.33357629091409635,-0.16170347860995324
2017-11-18,-0.46134556650262093,-0.22788203753351208,3392.683,3403.2859999999996,3373.296,3382.908,24945815300.0,-0.37274285550055947,-0.18097409442360596
2017-11-19,-0.12825433552367885,-0.06435643564356436,3392.683,3403.2859999999996,3373.296,3382.908,24945815300.0,-0.39625460360716347,-0.1927860820739839
2017-11-20,-0.6399914405096542,-0.30977312390924955,3361.3559999999998,3393.1059999999998,3337.116,3392.3990000000003,17652468300.0,-0.42941044600244693,-0.20843492731162416
2017-11-21,-0.411382285136253,-0.2030787448194198,3382.36,3419.802,3377.599,3410.498,19687180300.0,-0.4705486745160722,-0.22874280179356613
2017-11-22,-0.5750592203700208,-0.2801875732708089,3417.3309999999997,3442.178,3404.2870000000003,3430.4640000000004,21356709300.0,-0.5257015468120548,-0.25557108293017083
2017-11-23,-0.8042482852534545,-0.38195121951219513,3425.009,3429.4240000000004,3342.3320000000003,3351.9179999999997,21526539300.0,-0.564999672264973,-0.27344747978178874
2017-11-24,-0.4734380916943703,-0.23259911894273128,3340.384,3360.7459999999996,3328.3340000000003,3353.821,15956966300.0,-0.5524087327040906,-0.2675579284225523
2017-11-25,0.06644509940815276,0.03345724907063197,3340.384,3360.7459999999996,3328.3340000000003,3353.821,15956966300.0,-0.4701200196700494,-0.22806324802048464
2017-11-26,-0.09097177820572676,-0.045871559633027525,3340.384,3360.7459999999996,3328.3340000000003,3353.821,15956966300.0,-0.4289181846664179,-0.2079878272966708
2017-11-27,-0.7667514166607015,-0.3659082431928385,3346.657,3347.051,3315.264,3322.23,16643917000.0,-0.4284997320448324,-0.20781508073867144
2017-11-28,-0.5737794323836184,-0.27956989247311825,3311.232,3333.8,3300.781,3333.657,13824779900.0,-0.4397431186329321,-0.21298386623263207
2017-11-29,-0.6033938221430097,-0.2931769722814499,3335.567,3343.062,3305.572,3337.862,18380593200.0,-0.4872570672948652,-0.23586591989642064
2017-11-30,-0.685049970327326,-0.33005410723069356,3328.643,3340.92,3306.283,3317.188,15659585100.0,-0.49176292027663243,-0.23789401822856507
2017-12-01,-0.3050799904237057,-0.15155203895313452,3315.105,3324.5159999999996,3302.44,3317.617,13919830000.0,-0.48113269080537774,-0.23274134764193652
2017-12-02,-0.16378930866502694,-0.08235294117647059,3315.105,3324.5159999999996,3302.44,3317.617,13919830000.0,-0.4400056996348784,-0.21295788443250271
2017-12-03,-0.030305349495328922,-0.015267175572519083,3315.105,3324.5159999999996,3302.44,3317.617,13919830000.0,-0.36261140605906583,-0.17628948003853512
2017-12-04,-0.7063574122967518,-0.33948988566402816,3310.381,3323.9959999999996,3304.103,3309.618,14805328800.0,-0.385903338119304,-0.18697855671066482
2017-12-05,-0.8059674268741998,-0.3826452599388379,3301.691,3315.737,3300.512,3303.675,20827886200.0,-0.47314459074753923,-0.22858880761161177
2017-12-06,-0.8174915281538284,-0.3876203576341128,3291.313,3296.2009999999996,3254.611,3293.965,15160445200.0,-0.5457965657423494,-0.2627636874117203
2017-12-07,-0.7002554495853576,-0.3367786391042205,3283.2790000000005,3291.282,3259.164,3272.054,13210590000.0,-0.539146969034815,-0.2598507270028585
2017-12-08,-0.2590568565404222,-0.1289875173370319,3264.478,3297.13,3258.759,3289.992,13320931400.0,-0.5076747114504954,-0.24479248948924984
2017-12-09,-0.10629465864962319,-0.05357142857142857,3264.478,3297.13,3258.759,3289.992,13320931400.0,-0.4579647951011566,-0.22083193511824767
2017-12-10,-0.09015109699429745,-0.045454545454545456,3264.478,3297.13,3258.759,3289.992,13320931400.0,-0.39847490776785377,-0.19237197894063288
2017-12-11,-0.27035728879447485,-0.1346578366445916,3290.488,3322.6740000000004,3288.295,3322.196,13196598400.0,-0.39500263760493065,-0.19068255870977854
2017-12-12,-0.7122195959363328,-0.3420718816067653,3320.31,3320.31,3280.329,3280.8140000000003,12460482700.0,-0.4498456663320612,-0.21665445275280798
2017-12-13,-0.5061968100891523,-0.24816053511705685,3278.397,3304.01,3273.325,3303.0370000000003,11199864700.0,-0.4974348123914435,-0.2399437887072618
2017-12-14,-0.6375535592153284,-0.3087557603686636,3302.9320000000002,3309.53,3282.573,3292.4390000000003,12054423500.0,-0.4905544270833012,-0.23687037617772533
2017-12-15,-0.5770303893576044,-0.2810020876826722,3287.5290000000005,3287.5290000000005,3259.388,3266.137,13094061800.0,-0.46766072333164166,-0.22670605895210877
2017-12-16,-0.3249778571954778,-0.16216216216216217,3287.5290000000005,3287.5290000000005,3259.388,3266.137,13094061800.0,-0.41840935623580655,-0.20416023940491373
2017-12-17,-0.09340117508840076,-0.04697986577181208,3287.5290000000005,3287.5290000000005,3259.388,3266.137,13094061800.0,-0.35772392878611087,-0.1751803620716729
2017-12-18,-0.6475618452246125,-0.3132467532467533,3268.034,3280.5440000000003,3254.178,3267.922,12070038900.0,-0.3965744276545299,-0.19360628566264504
2017-12-19,-0.39452900683405506,-0.19504643962848298,3266.0190000000002,3296.94,3266.0190000000002,3296.538,11514013400.0,-0.4253978624729731,-0.2077537867683505
2017-12-20,-0.8300778856304628,-0.39316239316239315,3296.74,3300.212,3276.12,3287.6059999999998,13774511800.0,-0.4993905413365896,-0.24252457153913526
2017-12-21,-0.6676063822748096,-0.32231404958677684,3281.118,3309.223,3267.4040000000005,3300.059,14212792700.0,-0.539115450684623,-0.2612901928333538
2017-12-22,-0.4994747640973012,-0.24508966695132364,3297.685,3307.328,3293.442,3297.063,12404732600.0,-0.5178409675007198,-0.25159197136780964
2017-12-23,-0.17185025692665928,-0.08670520231213873,3297.685,3307.328,3293.442,3297.063,12404732600.0,-0.4844063121844706,-0.23544643808731786
2017-12-24,-0.20854475189305707,-0.10526315789473684,3297.685,3307.328,3293.442,3297.063,12404732600.0,-0.4415054314522434,-0.21509717783992516
2017-12-25,-0.7944607461375746,-0.3779567186713639,3296.211,3312.3,3270.441,3280.461,14689363500.0,-0.4632484671302405,-0.2247926409387943
2017-12-26,-0.5914487145086336,-0.2878787878787879,3277.837,3307.2990000000004,3274.327,3306.125,14243450100.0,-0.489895552861556,-0.2373643035104569
2017-12-27,-0.7629429424954873,-0.3643835616438356,3302.461,3307.08,3270.349,3275.783,16267489000.0,-0.5568497296022648,-0.2691046730976593
2017-12-28,-0.3295132662969095,-0.16354759967453214,3272.2909999999997,3304.0959999999995,3263.728,3296.385,17537167000.0,-0.5250448717094944,-0.25413475774043714
2017-12-29,-0.40940988639918074,-0.20221169036334913,3295.2459999999996,3308.225,3292.77,3307.172,14158683600.0,-0.5265329596660069,-0.2548512828139238
2017-12-30,-0.15415067982725836,-0.07784431137724551,3295.2459999999996,3308.225,3292.77,3307.172,14158683600.0,-0.4589402390856865,-0.22331947463540902
2017-12-31,-0.08594242980072477,-0.043478260869565216,3295.2459999999996,3308.225,3292.77,3307.172,14158683600.0,-0.4007738438382781,-0.19543589576368786
2018-01-01,0.18038169197612797,0.09090909090909091,3295.2459999999996,3308.225,3292.77,3307.172,14158683600.0,-0.33278819823093514,-0.16183601997764643
2018-01-02,-0.06001800972625292,-0.03005008347245409,3314.031,3349.053,3314.031,3348.3259999999996,20227886000.0,-0.3216049735108945,-0.156170508093678
2018-01-03,-0.17550380429782733,-0.08771929824561403,3347.743,3379.915,3345.289,3369.1079999999997,21383614900.0,-0.3183008787513716,-0.1544161221287657
2018-01-04,-0.2537127723935663,-0.12639724849527084,3371.0,3392.8259999999996,3365.295,3385.71,20695528800.0,-0.2642260813769707,-0.1292601751111564
2018-01-05,-0.18902234010991315,-0.09441233140655106,3386.4640000000004,3402.0690000000004,3380.245,3391.75,21306068100.0,-0.22398344393709868,-0.10991352946393271
2018-01-06,0.20763936477824455,0.10465116279069768,3386.4640000000004,3402.0690000000004,3380.245,3391.75,21306068100.0,-0.12692521320972552,-0.06301005702047939
2018-01-07,0.10880285984879917,0.054945054945054944,3386.4640000000004,3402.0690000000004,3380.245,3391.75,21306068100.0,-0.08309360059515465,-0.04116079155852068
2018-01-08,-0.163240318718527,-0.08159392789373814,3391.553,3412.7309999999998,3384.559,3409.48,23616510600.0,-0.05847664382708927,-0.029099015311559583
2018-01-09,-0.2656413209016677,-0.13225806451612904,3406.112,3417.228,3403.587,3413.9,19148855100.0,-0.0696257079345302,-0.034540390625447934
2018-01-10,-0.41325590989593264,-0.20391807658058772,3414.113,3430.2140000000004,3398.842,3421.8340000000003,20909499700.0,-0.102357055944051,-0.05058437219655019
2018-01-11,-0.047913355695897504,-0.0239880059970015,3415.585,3426.4829999999997,3405.639,3425.345,17381213300.0,-0.12518656071125353,-0.062074081887159425
2018-01-12,-0.2299643431992983,-0.1146067415730337,3423.8790000000004,3435.4240000000004,3417.98,3428.941,17406340400.0,-0.14218119405855809,-0.0705297476972174
2018-01-13,0.16799173123912967,0.0847457627118644,3423.8790000000004,3435.4240000000004,3417.98,3428.941,17406340400.0,-0.10783164050486238,-0.05328324160146956
2018-01-14,0.216223108469636,0.10880829015544041,3423.8790000000004,3435.4240000000004,3417.98,3428.941,17406340400.0,-0.06083805241854214,-0.02976268773639843
2018-01-15,-0.5428995678172538,-0.2651396297458425,3428.9509999999996,3442.5009999999997,3402.312,3410.488,23200928300.0,-0.09622577518927619,-0.046835417570327574
2018-01-16,-0.2717393331329472,-0.13527851458885942,3403.469,3437.583,3401.961,3436.594,21147546800.0,-0.14416364498039538,-0.07082838530828328
2018-01-17,-0.4220949782698484,-0.20817120622568094,3438.5759999999996,3465.205,3430.511,3444.671,26104503000.0,-0.19725342879226013,-0.09714001142535687
2018-01-18,-0.15882358552665074,-0.07934508816120907,3449.881,3476.546,3448.789,3474.7540000000004,22003955500.0,-0.1968117554730725,-0.09691512745210398
2018-01-19,-0.22341415069348233,-0.11137868753762793,3481.62,3498.434,3474.292,3487.864,24753673300.0,-0.19258903845225397,-0.09482718975425386
2018-01-20,-0.342490308946776,-0.17159763313609466,3481.62,3498.434,3474.292,3487.864,24753673300.0,-0.1855124783573383,-0.09159514540980455
2018-01-21,0.050430853626891904,0.025423728813559324,3481.62,3498.434,3474.292,3487.864,24753673300.0,-0.17567805742505938,-0.08665397192874848
2018-01-22,-0.1989441756962571,-0.09931506849315068,3476.994,3503.386,3475.673,3501.362,21748753400.0,-0.17257604067475524,-0.08512480462076016
2018-01-23,-0.1899409787895842,-0.09477756286266925,3504.344,3547.222,3504.344,3546.505,23870590400.0,-0.20836931167762662,-0.10307713717821354
2018-01-24,-0.27337055805852506,-0.13604919292851653,3553.4790000000003,3569.489,3527.112,3559.465,25295449600.0,-0.2573286783304427,-0.12756288548660924
2018-01-25,-0.285462315713468,-0.14204003813155386,3555.1679999999997,3571.4809999999998,3528.035,3548.3070000000002,24341342200.0,-0.23158495312006414,-0.11525292632518039
2018-01-26,-0.3958956570920136,-0.19574844995571303,3535.493,3574.905,3534.195,3558.1290000000004,22269829500.0,-0.24400058551597076,-0.12129991986186575
2018-01-27,0.05173567439918889,0.02608695652173913,3535.493,3574.905,3534.195,3558.1290000000004,22269829500.0,-0.19661752024906703,-0.09787410358712373
2018-01-28,0.16705408466316624,0.08421052631578947,3535.493,3574.905,3534.195,3558.1290000000004,22269829500.0,-0.16402975323008534,-0.08151854213942386
2018-01-29,-0.5668278138812755,-0.2763285024154589,3563.64,3587.032,3510.2690000000002,3523.0009999999997,23602696500.0,-0.19837111954886463,-0.09801352362720697
2018-01-30,-0.6291097869698197,-0.30497382198952877,3511.5009999999997,3523.051,3484.656,3488.009,18636997500.0,-0.227033067351169,-0.11135114251255038
2018-01-31,-0.8864953652226227,-0.4165895775516497,3470.509,3495.453,3454.7259999999997,3480.833,20725340300.0,-0.32072568923612044,-0.15555247314907128
2018-02-01,-0.9027837731527428,-0.42319412081018104,3478.67,3495.093,3424.4190000000003,3446.98,26050470700.0,-0.39110964898176903,-0.18794037838077432
2018-02-02,-0.7631910242928718,-0.36433589829374374,3419.225,3463.164,3388.86,3462.0809999999997,20812055100.0,-0.4484346535320978,-0.2148962119238818
2018-02-03,-0.7534394108160654,-0.36116152450090744,3419.225,3463.164,3388.86,3462.0809999999997,20812055100.0,-0.49644153880785175,-0.2374074450811209
2018-02-04,-0.6179776371812647,-0.30097087378640774,3419.225,3463.164,3388.86,3462.0809999999997,20812055100.0,-0.5296930709546315,-0.25330052864660624
2018-02-05,-0.6449108796004627,-0.31202290076335876,3411.67,3487.7209999999995,3406.241,3487.4970000000003,21767375400.0,-0.5545945932054763,-0.2649279737273708
2018-02-06,-0.8483373933025361,-0.4005393604725825,3418.01,3440.1240000000003,3364.216,3370.652,28055547700.0,-0.6446018999756489,-0.307590605426803
2018-02-07,-0.8014237460855002,-0.3806866226957551,3412.744,3425.538,3304.007,3309.26,26093971400.0,-0.7414496830505155,-0.35408032032795744
2018-02-08,-0.771098110767925,-0.3677142089712597,3281.046,3307.1620000000003,3225.712,3262.05,20126249900.0,-0.7618767127391806,-0.36321889098353755
2018-02-09,-0.8831589702548766,-0.4150197628458498,3172.8509999999997,3180.11,3062.743,3129.8509999999997,25638917600.0,-0.7872816310676863,-0.3742234850691696
2018-02-10,-0.65302718677052,-0.3161953727506427,3172.8509999999997,3180.11,3062.743,3129.8509999999997,25638917600.0,-0.763934813222476,-0.36418406458906893
2018-02-11,-0.5589118104336285,-0.2733812949640288,3172.8509999999997,3180.11,3062.743,3129.8509999999997,25638917600.0,-0.7295476169505646,-0.3492027820044537
2018-02-12,-0.5439923479260587,-0.2658072437077962,3128.3709999999996,3168.1259999999997,3113.605,3154.125,15331083100.0,-0.7076277493138833,-0.33934991654585894
2018-02-13,-0.6896384050302661,-0.3321616871704745,3176.107,3219.217,3176.107,3184.9590000000003,15152759700.0,-0.7012476487353034,-0.3364499328128156
2018-02-14,-0.4557063245449111,-0.22426470588235295,3188.248,3203.4970000000003,3171.384,3199.159,10032282700.0,-0.685020517471668,-0.3287793160224101
2018-02-15,-0.1749414494963321,-0.08783783783783784,3188.248,3203.4970000000003,3171.384,3199.159,10032282700.0,-0.6380235744612549,-0.306360809729858
2018-02-16,-0.31963367225838335,-0.16022099447513813,3188.248,3203.4970000000003,3171.384,3199.159,10032282700.0,-0.5851532023568397,-0.28232897313011357
2018-02-17,-0.3022808718729337,-0.1518987341772152,3188.248,3203.4970000000003,3171.384,3199.159,10032282700.0,-0.5352389149355831,-0.25945018427825955
2018-02-18,-0.37729423114146804,-0.1896551724137931,3188.248,3203.4970000000003,3171.384,3199.159,10032282700.0,-0.4958585269729373,-0.2416442806225129
2018-02-19,-0.626136470276985,-0.30718954248366015,3188.248,3203.4970000000003,3171.384,3199.159,10032282700.0,-0.4701562769751482,-0.23086125858629397
2018-02-20,-0.4174412991548801,-0.20772946859903382,3188.248,3203.4970000000003,3171.384,3199.159,10032282700.0,-0.4465976882135842,-0.22001466817113308
2018-02-21,-0.34730918795109034,-0.17314487632508835,3188.248,3203.4970000000003,3171.384,3199.159,10032282700.0,-0.42543742596533035,-0.209991026307239
2018-02-22,-0.47420826052776743,-0.23304562268803947,3237.5690000000004,3269.9159999999997,3234.115,3268.559,13873044500.0,-0.4184590172255012,-0.20671486420526333
2018-02-23,-0.4144683843581233,-0.20463320463320464,3275.429,3294.134,3258.488,3289.0240000000003,14579036800.0,-0.3909420151582869,-0.19396201595153634
2018-02-24,-0.2584829177595186,-0.12933753943217666,3275.429,3294.134,3258.488,3289.0240000000003,14579036800.0,-0.3712196744797477,-0.1844692993065187
2018-02-25,-0.3117796240308415,-0.15570934256055363,3275.429,3294.134,3258.488,3289.0240000000003,14579036800.0,-0.3849034919331986,-0.19125644977879028
2018-02-26,-0.3791744128764467,-0.1878048780487805,3307.295,3335.986,3281.615,3329.574,18856860200.0,-0.390857565995005,-0.19401483813615453
2018-02-27,-0.6299908296493257,-0.30541516245487366,3328.672,3328.672,3284.6290000000004,3292.0679999999998,17421936800.0,-0.4236285617726442,-0.20936648096392035
2018-02-28,-0.6878251882220044,-0.3314366998577525,3264.059,3277.8320000000003,3239.844,3259.408,15104353600.0,-0.4546816574806979,-0.22354463370831631
2018-03-01,-0.6624542341605391,-0.3201716738197425,3235.0890000000004,3280.1490000000003,3228.585,3273.755,15909832000.0,-0.45831343386905327,-0.22484284684192452
2018-03-02,-0.4265652801482508,-0.2103861517976032,3248.446,3269.938,3242.2670000000003,3254.528,15086106300.0,-0.45922583196839034,-0.22510851516178146
2018-03-03,-0.1936531228035046,-0.09727626459143969,3248.446,3269.938,3242.2670000000003,3254.528,15086106300.0,-0.4438602254536318,-0.2175216539884166
2018-03-04,-0.17645643734155653,-0.08870967741935484,3248.446,3269.938,3242.2670000000003,3254.528,15086106300.0,-0.4140850431350107,-0.20308805946154815
2018-03-05,-0.37850074646980897,-0.18738049713193117,3255.8709999999996,3269.4,3236.717,3256.926,14483598800.0,-0.4104882793461793,-0.20136278871142083
2018-03-06,-0.27168173110533983,-0.1353211009174312,3266.487,3290.2529999999997,3243.6540000000005,3289.6420000000003,19535804600.0,-0.4118081606807614,-0.20196114485994626
2018-03-07,-0.42401851600391216,-0.20926090828138913,3288.865,3308.406,3264.764,3271.6679999999997,16866501900.0,-0.4230320498780684,-0.20731630143202984
2018-03-08,-0.385154415260601,-0.19072164948453607,3268.347,3289.4970000000003,3261.552,3288.406,14982751900.0,-0.42363005011648386,-0.20760797857560537
2018-03-09,0.06164416311120659,0.03089887640449438,3291.426,3309.715,3283.559,3307.1659999999997,16842450900.0,-0.35446655084043066,-0.17397657468966857
2018-03-10,0.14370672066617504,0.07234042553191489,3291.426,3309.715,3283.559,3307.1659999999997,16842450900.0,-0.2713133599516127,-0.13359886215070182
2018-03-11,0.05310982531394833,0.026785714285714284,3291.426,3309.715,3283.559,3307.1659999999997,16842450900.0,-0.19975695400416396,-0.09890312334015616
2018-03-12,0.0,0.0,3319.2090000000003,3333.5609999999997,3313.555,3326.699,20653243600.0,-0.15710042598933888,-0.07786450816039583
2018-03-13,-0.37024367314480133,-0.18344519015659955,3324.1220000000003,3333.875,3307.3759999999997,3310.239,17711435300.0,-0.17475948102346855,-0.08648140071691182
2018-03-14,-0.4609537937258176,-0.2268760907504363,3298.6659999999997,3304.9790000000003,3287.3559999999998,3291.382,15749108500.0,-0.20320921666189468,-0.10029804205001998
2018-03-15,-0.6941348349612179,-0.33421226104152935,3277.514,3297.098,3273.2009999999996,3291.112,14857360600.0,-0.23477262551103556,-0.11498121844097979
2018-03-16,-0.6153228227107245,-0.2988403211418377,3290.2090000000003,3300.565,3269.283,3269.882,14120364700.0,-0.269136734671574,-0.13133314046342046
2018-03-17,-0.11980119981262065,-0.0603448275862069,3290.2090000000003,3300.565,3269.283,3269.882,14120364700.0,-0.23871500305244484,-0.11644153239390223
2018-03-18,-0.16296130950941318,-0.08196721311475409,3290.2090000000003,3300.565,3269.283,3269.882,14120364700.0,-0.21649569247732608,-0.10556608875692404
2018-03-19,-0.2958453830909419,-0.14719626168224298,3264.928,3280.567,3251.047,3279.252,13795498000.0,-0.2522446470975409,-0.12337560256559779
2018-03-20,-0.4939768604730287,-0.24253731343283583,3257.219,3292.574,3252.433,3290.64,13988108100.0,-0.3160130052114613,-0.15486337646207288
2018-03-21,-0.595150993231528,-0.28953399541634833,3299.7309999999998,3314.2090000000003,3268.8779999999997,3280.952,16839827700.0,-0.38083908706600894,-0.1864953474322791
2018-03-22,-0.7076928915623241,-0.34019370460048426,3281.265,3288.797,3242.762,3263.48,15043297700.0,-0.4516083762222413,-0.22051471789232754
2018-03-23,-0.7909156771217554,-0.3761939750183688,3172.772,3188.235,3110.664,3152.761,27553201300.0,-0.49367557661993666,-0.23978959637850447
2018-03-24,-0.5823153754515294,-0.2841091492776886,3172.772,3188.235,3110.664,3152.761,27553201300.0,-0.505811734792508,-0.24551290223122973
2018-03-25,-0.6056442823021254,-0.2950191570881226,3172.772,3188.235,3110.664,3152.761,27553201300.0,-0.4969626795265987,-0.24159359183588905
2018-03-26,-0.5890502885104741,-0.2865853658536585,3117.3190000000004,3134.276,3091.458,3133.722,18636635000.0,-0.4943354261065737,-0.24036809630707112
2018-03-27,-0.5212969236332861,-0.25527272727272726,3164.798,3172.778,3143.57,3166.6490000000003,18907338300.0,-0.5344849984886403,-0.2598608862757231
2018-03-28,-0.7820622322154767,-0.3726053639846743,3130.571,3165.2129999999997,3117.534,3122.29,16350048800.0,-0.5963950907592467,-0.2889247013627152
2018-03-29,-0.3624056186477175,-0.1794871794871795,3127.263,3174.509,3098.2470000000003,3160.531,17031238400.0,-0.6030511143149242,-0.29215379314320883
2018-03-30,-0.21117418641573757,-0.10546378653113088,3161.7859999999996,3177.7209999999995,3152.889,3168.897,15464659600.0,-0.5747708469091951,-0.27844644045303835
2018-03-31,-0.12036368224987513,-0.06077348066298342,3161.7859999999996,3177.7209999999995,3152.889,3168.897,15464659600.0,-0.5272921158110299,-0.2555703889777018
2018-04-01,0.0,0.0,3161.7859999999996,3177.7209999999995,3152.889,3168.897,15464659600.0,-0.45652282665479743,-0.22155101851765338
2018-04-02,-0.5014410668984669,-0.24610591900311526,3169.7790000000005,3192.34,3159.986,3163.179,17772777700.0,-0.4275753656324686,-0.208542212916128
2018-04-03,-0.7642051018256664,-0.36489151873767256,3130.013,3144.3320000000003,3119.132,3136.633,15221667400.0,-0.44576433826988227,-0.2166204498621264
2018-04-04,-0.7331720447071821,-0.35145631067961164,3147.0490000000004,3163.34,3128.867,3131.111,14697668200.0,-0.4585171145103879,-0.2222641652212753
2018-04-05,-0.46034171833399856,-0.22709163346613545,3147.0490000000004,3163.34,3128.867,3131.111,14697668200.0,-0.4456462574927403,-0.21631479198252296
2018-04-06,-0.4414402105664422,-0.21814254859611232,3147.0490000000004,3163.34,3128.867,3131.111,14697668200.0,-0.43766058618605597,-0.2126017741148615
2018-04-07,-0.3967694011406105,-0.1968503937007874,3147.0490000000004,3163.34,3128.867,3131.111,14697668200.0,-0.3991313030785693,-0.19502627708647283
2018-04-08,-0.5753641449035618,-0.28187919463087246,3147.0490000000004,3163.34,3128.867,3131.111,14697668200.0,-0.4204271557041537,-0.20526547860084216
2018-04-09,-0.7084614155329878,-0.3405846363018355,3125.442,3146.093,3110.303,3138.2940000000003,13960862100.0,-0.47015587861587865,-0.22877756357791262
2018-04-10,-0.48500050199725137,-0.23825503355704697,3144.257,3190.6490000000003,3139.0809999999997,3190.322,16820135900.0,-0.5066195605906162,-0.24652571886731897
2018-04-11,-0.3015418905777576,-0.1499482936918304,3197.3720000000003,3220.845,3191.587,3208.0820000000003,17586719700.0,-0.536773749648392,-0.26152054823650206
2018-04-12,-0.8503986380654519,-0.40188269370021723,3203.278,3205.252,3177.0490000000004,3180.158,14823131300.0,-0.5716695067650905,-0.27709822570621223
2018-04-13,-0.8336177564831235,-0.39456342668863265,3192.042,3197.8959999999997,3155.506,3159.052,12755231000.0,-0.5786107722308362,-0.28006541650130823
2018-04-14,-0.3664629503048952,-0.18243243243243243,3192.042,3197.8959999999997,3155.506,3159.052,12755231000.0,-0.5419398627906075,-0.26316302867659036
2018-04-15,-0.13675893711538917,-0.06882591093117409,3192.042,3197.8959999999997,3155.506,3159.052,12755231000.0,-0.5095815846687466,-0.2473364564230942
2018-04-16,-0.7793349473451596,-0.37132987910189985,3152.888,3153.1059999999998,3096.1,3110.6490000000003,15441569500.0,-0.5433710583466184,-0.26265518947367295
2018-04-17,-0.8306506269540473,-0.3931725948913822,3112.975,3118.76,3064.028,3066.797,14722284600.0,-0.586759180927962,-0.28228740959273246
2018-04-18,-0.741494964717739,-0.3548225887056472,3091.91,3096.889,3041.625,3091.3990000000003,15929050300.0,-0.6033722629093797,-0.28958174900020994
2018-04-19,-0.41184132524744044,-0.20340425531914894,3094.2740000000003,3127.4390000000003,3090.2870000000003,3117.3759999999997,16005680500.0,-0.573710253880825,-0.2758637109019413
2018-04-20,-0.7749705788995279,-0.36940625914009945,3105.462,3111.171,3065.921,3071.5429999999997,15514709100.0,-0.6027072615710527,-0.2889788334602465
2018-04-21,-0.4595323293784402,-0.22702702702702704,3105.462,3111.171,3065.921,3071.5429999999997,15514709100.0,-0.618506305451121,-0.29668670679376613
2018-04-22,-0.3232270098711923,-0.16111111111111112,3105.462,3111.171,3065.921,3071.5429999999997,15514709100.0,-0.5657891426316949,-0.27260954853485553
2018-04-23,-0.7595338039870906,-0.36279630373644034,3063.4429999999998,3085.0570000000002,3045.937,3068.012,13168634000.0,-0.5583807473820916,-0.26943283623963626
2018-04-24,-0.23185750027300378,-0.11557788944723618,3069.7459999999996,3136.04,3069.7459999999996,3128.927,16227480600.0,-0.5449202023789025,-0.2627473819411167
2018-04-25,-0.6252617760686653,-0.30333333333333334,3112.3979999999997,3122.908,3107.0009999999997,3117.974,12731105300.0,-0.5937704862742301,-0.2861981241813326
2018-04-26,-0.7333994618934607,-0.35135135135135137,3119.4959999999996,3121.933,3067.929,3075.03,13397273600.0,-0.5891769377290602,-0.28420027140627774
2018-04-27,-0.6482966143945936,-0.3135048231511254,3082.415,3088.035,3049.914,3082.232,13122564300.0,-0.570941536473115,-0.2762334942322521
2018-04-28,-0.33243997309327455,-0.16666666666666666,3082.415,3088.035,3049.914,3082.232,13122564300.0,-0.5300360373106685,-0.25741790202835396
2018-04-29,-0.1754486775061926,-0.08860759493670886,3082.415,3088.035,3049.914,3082.232,13122564300.0,-0.5063967725365437,-0.24593823599010997
2018-04-30,-0.20526312603636135,-0.10344827586206896,3082.415,3088.035,3049.914,3082.232,13122564300.0,-0.449426027250227,-0.21934243766230693
2018-05-01,-0.32668423025505006,-0.16346153846153846,3082.415,3088.035,3049.914,3082.232,13122564300.0,-0.43614121733788797,-0.21298588880575808
2018-05-02,-0.6114023448158783,-0.296849087893864,3087.409,3097.6040000000003,3064.763,3081.177,13418456600.0,-0.4649587508323566,-0.2265596864840334
2018-05-03,-0.6034048050590839,-0.29321533923303833,3074.5170000000003,3105.66,3056.157,3100.8590000000004,13998562000.0,-0.4493458509395559,-0.21960159003369317
2018-05-04,-0.6295560777784139,-0.30578512396694213,3093.117,3104.093,3086.785,3091.033,11871126500.0,-0.4891157086900969,-0.23862231348566376
